user_id,item_id,correct
0,0,1
0,1,1
0,2,1
0,3,1
0,4,1
0,5,1
0,6,1
0,7,1
0,8,1
0,9,1
0,10,1
0,11,1
0,12,1
0,13,0
0,13,1
0,14,1
0,15,1
0,16,1
0,17,1
0,18,1
0,19,0
0,19,1
0,20,1
0,21,1
0,22,1
0,23,0
0,23,1
0,24,0
0,24,1
0,25,1
0,26,1
0,27,1
0,28,0
0,28,1
0,29,0
0,29,1
0,30,0
0,30,1
0,31,0
0,31,1
0,32,1
0,33,0
0,33,1
0,32,0
0,32,1
0,31,0
0,31,1
0,33,1
0,34,1
0,35,1
0,36,1
0,37,0
0,37,1
0,38,0
0,38,1
0,39,0
0,39,1
0,40,0
0,40,1
0,41,1
0,42,0
0,42,1
0,43,0
0,43,1
0,44,0
0,44,1
0,45,1
0,46,0
0,46,1
0,47,0
0,47,1
0,48,1
0,49,1
0,50,1
0,51,1
0,52,1
0,53,0
0,53,1
0,54,1
0,55,1
0,55,1
0,55,1
0,55,1
0,55,1
0,56,1
0,57,0
0,57,1
0,58,1
0,59,0
0,59,1
0,60,0
0,60,1
0,61,0
0,61,1
0,62,1
0,63,0
0,63,1
0,64,1
0,65,1
0,66,0
0,66,1
0,67,1
0,68,1
0,69,1
0,70,1
0,71,0
0,71,1
0,72,1
0,73,1
0,74,0
0,74,1
0,75,1
0,76,1
0,77,1
0,78,0
0,78,1
0,79,0
0,79,1
0,80,1
0,81,1
0,82,1
0,83,1
0,84,1
0,85,0
0,85,1
0,86,1
0,87,1
0,88,1
0,89,1
0,90,1
0,91,1
0,92,0
0,92,1
0,93,1
0,94,1
0,95,0
0,95,1
0,96,0
0,96,1
0,97,0
0,97,1
0,98,0
0,98,1
0,99,0
0,99,1
0,100,0
0,100,1
0,101,0
0,101,1
0,102,1
0,103,1
0,104,0
0,104,1
0,105,1
0,106,0
0,106,1
0,107,0
0,107,1
0,108,1
0,109,1
0,110,0
0,110,1
0,111,1
0,112,0
0,112,1
0,113,1
0,114,1
0,115,0
0,115,1
0,116,0
0,116,1
0,117,0
0,117,1
0,118,1
0,119,1
0,120,1
0,121,1
0,122,1
0,123,1
0,124,0
0,124,1
0,125,1
0,126,1
0,127,0
0,127,1
0,128,0
0,128,1
0,129,1
0,130,0
0,130,1
0,131,0
0,131,1
0,132,1
0,133,1
0,134,0
0,134,1
0,135,0
0,135,1
0,136,0
0,136,1
0,137,0
0,137,1
0,138,0
0,138,1
0,139,0
0,139,1
0,140,0
0,140,1
0,141,0
0,141,1
0,142,0
0,142,1
0,143,0
0,143,1
0,144,0
0,144,1
0,145,0
0,145,1
0,146,0
0,146,1
0,147,0
0,147,1
0,148,0
0,148,1
0,149,1
0,150,1
0,151,1
0,152,1
1,105,1
1,107,0
1,107,1
1,106,0
1,106,1
1,60,0
1,60,1
1,61,0
1,61,1
1,62,1
2,27,0
2,27,1
2,153,0
2,153,1
2,154,0
2,154,1
2,31,0
2,31,1
3,74,0
3,74,1
3,75,1
3,76,1
3,105,1
3,107,0
3,107,1
3,106,0
3,106,1
3,92,1
3,93,1
3,94,1
3,111,1
3,112,0
3,112,1
3,113,0
3,113,1
3,124,1
3,125,0
3,125,1
3,126,1
3,127,1
3,128,0
3,128,1
3,129,1
3,133,1
3,134,1
3,135,1
3,131,0
3,131,1
3,130,1
3,132,1
3,136,1
3,137,1
3,138,0
3,138,1
3,139,1
3,140,1
3,142,1
3,141,1
3,143,1
3,144,1
3,145,1
3,146,1
3,147,1
3,148,1
3,149,1
3,155,1
3,156,1
3,157,0
3,157,1
3,150,0
3,150,1
3,151,1
3,152,1
3,158,1
3,159,1
3,160,1
3,161,1
3,162,1
3,163,1
3,164,0
3,164,1
3,165,1
3,166,1
3,167,1
3,168,0
3,168,1
3,169,1
3,170,1
3,171,1
3,172,1
3,173,1
3,174,1
3,175,1
3,176,1
3,177,1
3,178,0
3,178,1
3,179,1
3,180,1
4,139,0
4,139,1
4,140,1
4,136,1
4,142,1
4,141,0
4,141,1
4,143,1
4,181,1
4,164,0
4,164,1
4,165,1
4,163,1
4,166,0
4,166,1
4,167,1
4,168,0
4,168,1
4,169,0
4,169,1
4,170,1
4,173,1
4,171,1
4,172,1
4,174,0
4,174,1
4,175,0
4,175,1
4,176,0
4,176,1
4,177,0
4,177,1
4,182,0
4,182,1
4,183,1
4,178,0
4,178,1
4,184,1
4,185,1
4,179,1
4,186,1
4,187,1
4,180,0
4,180,1
5,137,0
5,137,1
5,138,0
5,138,1
5,137,1
5,138,0
5,138,1
5,137,1
5,138,1
5,144,0
5,144,1
5,145,1
5,146,1
5,150,0
5,150,1
5,151,0
5,151,1
5,152,1
5,155,0
5,155,1
5,156,1
5,157,1
5,124,1
5,125,1
5,126,0
5,126,1
5,127,1
5,128,0
5,128,1
5,129,1
5,130,1
5,131,1
5,132,1
5,134,0
5,134,1
5,133,0
5,133,1
5,135,1
5,158,1
5,159,1
5,160,1
5,161,1
5,162,1
5,164,0
5,164,1
5,165,1
5,163,1
5,166,1
5,168,0
5,168,1
5,169,1
5,167,0
5,167,1
5,170,1
5,171,1
5,172,0
5,172,1
5,173,1
5,174,1
5,176,1
5,175,0
5,175,1
5,177,0
5,177,1
5,182,1
5,183,1
5,178,0
5,178,1
5,184,1
5,185,1
5,179,0
5,179,1
5,186,1
5,187,1
5,180,1
6,188,1
6,189,0
6,189,1
6,190,1
6,191,0
6,191,1
6,192,1
6,193,0
6,193,1
6,194,0
6,194,1
6,195,1
6,196,1
6,182,1
6,184,1
6,186,1
6,183,1
6,185,1
6,187,1
6,178,1
6,179,1
6,180,1
6,77,1
6,60,1
6,61,0
6,61,1
6,62,1
6,63,1
6,64,1
6,65,1
6,66,1
6,70,1
6,71,1
6,72,1
6,73,1
6,67,1
6,68,1
6,69,1
6,137,0
6,137,1
6,138,1
6,137,1
6,138,1
6,144,1
6,145,1
6,146,1
7,0,1
7,1,1
7,2,1
7,3,1
7,4,1
7,5,1
7,6,1
7,7,1
7,8,1
7,9,1
7,10,0
7,10,1
7,11,1
7,12,1
7,13,1
7,14,1
7,15,1
7,16,1
7,17,1
7,18,1
7,19,1
7,20,0
7,20,1
7,23,1
7,21,1
7,24,1
7,25,1
7,22,1
7,26,1
7,19,1
7,18,1
7,20,1
7,23,1
7,21,1
7,24,1
7,25,1
7,22,1
7,26,1
7,31,0
7,31,1
7,32,1
7,33,1
7,28,1
7,29,0
7,29,1
7,30,0
7,30,1
7,37,0
7,37,1
7,38,1
7,39,0
7,39,1
7,37,0
7,37,1
7,38,1
7,39,0
7,39,1
7,34,0
7,34,1
7,35,1
7,40,1
7,41,1
7,42,1
7,43,1
7,44,1
7,45,1
7,56,0
7,56,1
7,57,0
7,57,1
7,58,1
7,59,1
7,105,1
7,107,0
7,107,1
7,106,1
7,60,1
7,61,1
7,62,1
7,63,1
7,64,1
7,65,1
7,66,1
7,67,1
7,68,1
7,69,1
7,70,1
7,71,1
7,72,1
7,73,1
7,74,0
7,74,1
7,75,0
7,75,1
7,76,1
7,78,1
7,79,1
7,92,1
7,93,0
7,93,1
7,94,1
7,111,0
7,111,1
7,112,0
7,112,1
7,113,0
7,113,1
7,108,1
7,110,0
7,110,1
7,109,0
7,109,1
7,115,1
7,116,0
7,116,1
7,117,1
7,114,1
7,197,0
7,197,1
7,198,1
7,121,1
7,122,1
7,123,1
7,124,1
7,125,1
7,126,1
7,127,1
7,128,1
7,129,1
7,130,1
7,131,1
7,132,1
7,133,1
7,134,1
7,135,1
7,136,1
7,137,1
7,138,1
7,139,1
7,140,1
7,142,1
7,141,1
7,143,1
7,164,0
7,164,1
7,165,1
7,163,1
7,166,1
7,168,1
7,169,1
7,167,1
7,170,1
7,173,1
7,171,1
7,172,1
7,174,1
7,175,1
7,176,1
7,177,1
7,178,0
7,178,1
7,179,1
7,180,1
7,199,1
7,200,0
7,200,1
7,191,1
7,193,1
7,194,0
7,194,1
7,144,1
7,145,1
7,146,1
7,201,1
7,202,1
7,203,1
8,62,1
8,63,1
8,64,0
8,64,1
8,65,1
8,66,0
8,66,1
8,67,0
8,67,1
8,68,1
8,69,1
8,70,1
8,71,0
8,71,1
8,72,1
8,73,1
8,74,0
8,74,1
8,60,1
8,61,1
8,150,0
8,150,1
8,151,0
8,151,1
8,152,0
8,152,1
8,157,1
8,156,0
8,156,1
8,155,1
8,124,1
8,125,1
8,126,1
8,127,1
8,128,1
8,129,1
8,130,0
8,130,1
8,131,0
8,131,1
8,132,1
8,133,1
8,134,0
8,134,1
8,135,1
8,137,0
8,137,1
8,138,1
8,144,1
8,145,1
8,146,1
8,204,0
8,204,1
8,205,0
8,205,1
8,206,1
8,207,1
8,208,1
8,209,1
8,210,1
8,211,1
8,212,1
8,213,1
8,214,1
8,215,1
8,216,1
8,217,0
8,217,1
8,218,1
8,219,0
8,219,1
8,220,1
8,221,1
8,158,1
8,159,1
9,1,1
9,0,1
9,2,0
9,2,1
9,3,1
9,4,1
9,6,1
9,7,1
9,9,1
9,10,1
9,5,0
9,5,1
9,8,1
9,11,1
9,12,1
9,13,1
9,14,0
9,14,1
9,15,1
9,16,1
9,17,1
9,19,0
9,19,1
9,18,1
9,20,1
9,23,1
9,21,1
9,24,1
9,25,1
9,22,1
9,26,1
10,0,0
10,0,1
10,1,1
10,2,1
10,3,1
10,4,1
10,5,1
10,6,1
10,7,1
10,8,1
10,9,1
10,10,1
10,11,1
10,12,1
10,13,1
10,14,1
10,15,1
10,17,1
10,16,1
10,18,1
10,19,1
10,20,0
10,20,1
10,23,1
10,21,1
10,24,0
10,24,1
10,25,0
10,25,1
10,22,1
10,26,1
10,19,1
10,18,1
10,20,1
10,23,1
10,21,1
10,24,1
10,25,1
10,22,1
10,26,1
10,31,1
10,32,0
10,32,1
10,31,0
10,31,1
10,32,0
10,32,1
10,33,1
10,28,1
11,19,0
11,19,1
11,20,0
11,20,1
11,21,1
11,23,1
11,25,1
11,24,1
11,22,0
11,22,1
11,26,1
11,31,0
11,31,1
12,31,1
12,32,0
12,32,1
12,33,1
12,31,1
12,33,1
12,32,0
12,32,1
13,56,1
13,57,0
13,57,1
13,58,1
13,59,1
13,105,0
13,105,1
13,107,0
13,107,1
14,0,1
14,1,1
14,2,1
14,3,1
14,6,1
14,9,1
15,0,1
15,1,1
15,2,1
15,4,1
15,7,1
15,10,1
15,3,1
15,6,1
15,9,1
15,5,1
15,8,1
15,11,1
15,12,1
15,13,1
15,14,1
15,16,1
15,17,1
15,15,1
15,18,1
15,21,1
15,22,1
15,19,0
15,19,1
15,20,1
15,23,1
15,25,1
15,26,1
15,24,1
15,31,0
15,31,1
15,32,0
15,32,1
15,33,1
15,28,0
15,28,1
15,29,0
15,29,1
15,30,1
15,37,1
15,38,0
15,38,1
15,39,1
15,37,1
15,38,1
15,39,0
15,39,1
15,34,1
15,35,1
15,36,1
15,41,1
15,56,1
15,57,1
15,58,1
15,59,1
15,105,1
15,107,1
15,106,1
15,60,1
15,61,0
15,61,1
15,62,1
15,66,1
15,70,1
15,63,1
15,65,1
15,67,1
15,69,1
15,71,1
15,73,1
15,64,1
15,68,1
15,72,1
15,75,1
15,74,1
15,76,1
15,77,1
15,124,1
15,127,1
15,125,1
15,128,1
15,130,1
15,131,1
15,126,1
15,134,1
15,133,1
15,129,1
15,132,1
15,124,1
15,127,1
15,125,0
15,125,1
15,128,1
15,126,1
15,129,1
15,130,0
15,130,1
15,131,1
15,132,1
15,134,1
15,133,1
15,135,1
15,136,1
15,137,1
15,138,0
15,138,1
15,139,1
15,140,1
15,142,1
15,141,1
15,143,1
15,164,0
15,164,1
15,165,1
15,163,1
15,166,1
15,168,1
15,171,1
15,169,1
15,167,1
15,173,1
15,170,1
15,172,0
15,172,1
15,174,1
15,175,1
15,176,1
15,177,1
15,178,1
15,179,1
15,180,1
15,222,1
15,223,1
15,224,1
15,225,1
15,199,1
15,190,1
15,188,1
15,200,1
15,189,1
15,191,1
15,193,0
15,193,1
15,226,1
15,192,1
15,194,1
15,227,1
15,228,1
16,2,0
16,2,1
16,1,0
16,1,1
16,0,0
16,0,1
16,3,0
16,3,1
16,6,1
16,9,1
16,4,0
16,4,1
16,7,1
16,10,1
16,5,0
16,5,1
16,8,1
16,11,1
16,12,0
16,12,1
16,13,0
16,13,1
16,14,0
16,14,1
16,17,0
16,17,1
16,15,1
16,16,0
16,16,1
16,18,1
16,19,0
16,19,1
16,23,1
16,25,1
16,21,0
16,21,1
16,22,1
16,20,0
16,20,1
16,24,1
16,26,1
16,195,1
16,196,0
16,196,1
16,229,0
16,229,1
16,230,0
16,230,1
16,231,1
16,232,1
16,233,0
16,233,1
16,234,1
16,235,0
16,235,1
16,236,0
16,236,1
16,237,1
16,238,1
16,239,1
16,240,1
16,241,1
16,242,1
16,243,1
16,244,1
16,245,1
16,246,1
16,247,1
16,31,1
16,33,0
16,33,1
16,32,0
16,32,1
16,28,0
16,28,1
16,29,0
16,29,1
16,30,0
16,30,1
16,37,0
16,37,1
16,38,0
16,38,1
16,39,1
16,37,1
16,34,0
16,34,1
16,35,0
16,35,1
16,36,1
16,42,1
16,43,0
16,43,1
16,42,1
16,43,1
16,44,0
16,44,1
16,47,0
16,47,1
16,48,0
16,48,1
16,49,1
16,50,0
16,50,1
16,48,1
17,0,1
17,1,1
17,2,1
17,3,1
17,4,1
17,5,1
17,6,1
17,7,1
17,8,1
17,9,1
17,10,1
17,11,1
17,12,1
18,0,1
18,1,1
18,2,0
18,2,1
18,3,1
18,6,1
18,9,0
18,9,1
18,4,1
18,7,1
18,10,1
18,5,1
18,8,1
18,11,1
18,12,1
18,13,1
18,14,1
18,15,1
18,16,1
18,17,1
18,19,0
18,19,1
18,18,1
18,20,0
18,20,1
18,21,1
18,23,1
18,25,1
18,24,0
18,24,1
18,22,1
18,26,1
18,195,1
18,233,1
18,234,1
18,235,1
18,230,1
18,231,1
18,232,1
18,236,1
18,237,1
18,238,1
18,31,1
18,32,0
18,32,1
18,33,0
18,33,1
18,28,1
18,29,0
18,29,1
18,30,0
18,30,1
18,38,1
18,39,0
18,39,1
18,37,1
18,37,1
18,39,1
18,38,0
18,38,1
18,34,1
18,35,0
18,35,1
18,36,0
18,36,1
18,41,0
18,41,1
18,47,0
18,47,1
18,42,1
18,43,1
18,44,1
18,46,1
18,53,1
18,48,1
18,50,0
18,50,1
18,49,0
18,49,1
18,52,1
18,55,1
18,56,1
18,57,0
18,57,1
18,58,1
18,59,1
18,105,0
18,105,1
18,107,0
18,107,1
18,106,1
18,60,0
18,60,1
18,61,0
18,61,1
18,62,0
18,62,1
18,66,1
18,70,0
18,70,1
18,63,0
18,63,1
18,67,1
18,71,1
18,65,1
18,69,1
18,73,1
18,64,1
18,68,1
18,72,1
18,74,1
18,75,0
18,75,1
18,76,1
18,77,1
18,78,0
18,78,1
18,79,0
18,79,1
18,80,0
18,80,1
18,84,0
18,84,1
18,88,1
18,81,0
18,81,1
18,85,1
18,89,1
18,83,1
18,87,1
18,91,1
18,82,1
18,86,1
18,90,1
18,93,1
18,94,1
18,92,0
18,92,1
18,95,0
18,95,1
18,97,1
18,96,1
18,227,0
18,227,1
18,100,1
18,101,1
18,102,1
18,228,1
18,248,0
18,248,1
18,249,0
18,249,1
18,250,1
18,111,1
18,112,1
18,113,1
18,108,0
18,108,1
18,110,1
18,109,1
18,115,0
18,115,1
18,116,1
18,117,1
18,114,1
18,197,1
18,198,1
18,121,1
18,122,1
18,123,0
18,123,1
18,118,1
18,119,1
18,120,1
18,124,1
18,127,1
18,125,0
18,125,1
18,128,1
18,126,1
18,129,1
18,124,0
18,124,1
18,127,1
18,125,1
18,128,1
18,126,0
18,126,1
18,129,1
18,130,0
18,130,1
18,131,0
18,131,1
18,132,0
18,132,1
18,134,1
18,133,1
18,135,0
18,135,1
18,136,1
18,137,0
18,137,1
18,138,0
18,138,1
18,139,0
18,139,1
18,140,1
18,142,1
18,141,1
18,143,0
18,143,1
18,144,1
18,145,1
18,146,1
18,155,1
18,156,1
18,157,1
18,150,0
18,150,1
18,151,1
18,152,1
18,158,1
18,159,1
18,160,1
18,161,1
18,162,1
18,164,0
18,164,1
18,165,1
18,168,0
18,168,1
18,171,1
18,169,0
18,169,1
18,172,1
18,163,1
18,167,1
18,173,1
18,166,1
18,170,1
18,174,1
18,175,0
18,175,1
18,176,1
18,177,1
18,178,1
18,179,0
18,179,1
18,180,0
18,180,1
18,199,0
18,199,1
18,200,1
18,191,1
18,193,0
18,193,1
18,194,0
18,194,1
18,201,1
18,202,1
18,203,1
18,181,1
18,147,1
18,148,1
18,149,1
18,251,1
18,252,1
18,253,1
19,1,1
19,2,1
19,0,1
19,3,1
19,6,1
19,9,1
19,4,1
19,7,1
19,10,1
19,5,0
19,5,1
19,8,1
19,11,1
19,12,1
19,13,1
19,14,1
19,16,1
19,17,1
19,15,1
19,18,1
19,21,1
19,22,1
19,19,1
19,23,1
19,25,1
19,20,0
19,20,1
19,24,1
19,26,1
19,19,1
19,23,1
19,25,1
19,18,1
19,21,1
19,22,0
19,22,1
19,20,1
19,24,1
19,26,1
19,31,0
19,31,1
19,32,1
19,33,1
19,28,1
19,29,1
19,30,1
19,37,1
19,38,1
19,39,1
19,34,1
19,34,1
19,56,1
19,56,1
19,57,1
19,58,1
19,59,0
19,59,1
19,105,0
19,105,1
19,107,0
19,107,1
19,106,1
19,60,0
19,60,1
19,61,1
19,62,1
19,66,1
19,70,1
19,63,0
19,63,1
19,64,1
19,65,1
19,67,1
19,68,1
19,69,1
19,71,1
19,72,1
19,73,1
19,74,1
19,75,0
19,75,1
19,76,1
19,78,1
19,92,0
19,92,1
19,94,0
19,94,1
19,93,0
19,93,1
19,111,0
19,111,1
19,112,1
19,113,1
19,80,0
19,80,1
19,84,1
19,88,1
19,81,1
19,82,1
19,83,1
19,85,0
19,85,1
19,87,1
19,86,1
19,89,1
19,91,1
19,90,1
19,108,0
19,108,1
19,110,1
19,109,1
19,115,1
19,116,1
19,117,1
19,114,1
19,197,1
19,198,1
19,124,1
19,127,1
19,125,0
19,125,1
19,126,1
19,128,1
19,129,1
19,124,1
19,127,1
19,128,1
19,125,1
19,126,1
19,129,1
19,124,1
19,125,1
19,127,1
19,128,1
19,126,0
19,126,1
19,129,1
19,130,0
19,130,1
19,131,1
19,132,1
19,134,1
19,135,0
19,135,1
19,133,1
19,136,0
19,136,1
19,137,0
19,137,1
19,138,1
19,139,1
19,140,1
19,142,1
19,141,1
19,143,0
19,143,1
19,144,1
19,145,1
19,146,1
19,150,1
19,151,0
19,151,1
19,152,1
19,156,1
19,157,0
19,157,1
19,155,1
19,158,1
19,159,1
19,160,1
19,161,1
19,162,1
19,164,0
19,164,1
19,168,1
19,171,1
19,165,0
19,165,1
19,175,0
19,175,1
19,176,0
19,176,1
19,177,0
19,177,1
19,182,1
19,184,1
19,186,1
19,183,1
19,185,1
19,187,1
19,178,0
19,178,1
19,179,1
19,180,1
19,222,1
19,223,0
19,223,1
19,225,1
19,224,1
19,199,1
19,200,1
19,189,0
19,189,1
19,191,0
19,191,1
19,254,0
19,254,1
19,193,1
19,255,0
19,255,1
19,226,1
19,194,0
19,194,1
19,77,1
19,195,1
19,256,1
19,257,1
19,258,1
19,259,1
19,260,1
19,261,1
19,201,1
19,202,0
19,202,1
19,203,1
19,262,0
19,262,1
19,263,1
19,264,1
19,265,1
19,266,0
19,266,1
19,267,1
19,268,0
19,268,1
19,269,1
19,270,1
19,271,1
19,272,1
19,273,1
19,274,0
19,274,1
19,275,1
19,276,1
19,277,1
19,278,1
19,279,1
19,280,1
19,281,1
19,282,1
19,283,1
19,227,1
19,228,0
19,228,1
19,284,0
19,284,1
19,285,1
19,286,0
19,286,1
19,287,0
19,287,1
19,288,1
19,289,1
19,290,1
19,291,1
19,292,1
19,293,1
19,294,1
19,295,1
19,296,1
19,297,1
19,298,1
19,299,1
19,300,1
19,301,1
19,302,0
19,302,1
19,303,1
19,304,1
19,248,0
19,248,1
19,249,0
19,249,1
19,250,0
19,250,1
19,253,1
19,204,0
19,204,1
19,205,1
19,206,1
19,208,0
19,208,1
19,207,0
19,207,1
19,209,1
19,305,1
19,210,1
19,213,1
19,211,1
19,214,1
19,212,0
19,212,1
19,215,1
19,216,1
19,217,1
19,220,1
19,219,1
19,218,1
19,221,1
20,105,1
20,107,1
20,106,1
20,74,1
20,75,1
20,76,1
20,136,1
20,137,0
20,137,1
20,138,0
20,138,1
21,0,1
21,1,1
21,2,1
21,3,0
21,3,1
21,4,1
21,5,0
21,5,1
21,6,1
21,7,1
21,9,0
21,9,1
21,10,0
21,10,1
21,11,1
21,12,1
21,13,1
21,14,0
21,14,1
21,15,1
21,16,1
21,17,1
21,18,0
21,18,1
21,21,1
21,22,1
21,19,1
21,23,1
21,25,1
21,20,0
21,20,1
21,24,1
21,26,1
21,195,1
21,27,1
21,196,1
21,229,1
21,230,1
21,231,1
21,232,1
21,233,1
21,234,1
21,235,1
21,236,1
21,237,1
21,238,1
21,31,0
21,31,1
21,31,0
21,31,1
21,33,0
21,33,1
21,32,0
21,32,1
21,28,0
21,28,1
21,29,0
21,29,1
21,30,1
21,37,1
21,38,1
21,39,0
21,39,1
21,37,0
21,37,1
21,38,0
21,38,1
21,39,0
21,39,1
21,34,1
21,35,0
21,35,1
21,36,0
21,36,1
21,42,1
21,43,1
21,44,1
21,41,1
21,47,1
21,46,1
21,53,1
21,56,1
21,57,0
21,57,1
21,58,1
21,59,0
21,59,1
21,105,1
21,105,0
21,105,1
21,107,0
21,107,1
21,106,0
21,106,1
21,60,0
21,60,1
21,61,0
21,61,1
21,62,1
21,70,1
21,66,1
21,63,1
21,67,1
21,71,1
21,64,1
21,68,1
21,72,1
21,65,0
21,65,1
21,69,1
21,73,1
21,74,0
21,74,1
21,75,0
21,75,1
21,76,0
21,76,1
21,78,0
21,78,1
21,79,0
21,79,1
21,92,1
21,93,1
21,94,0
21,94,1
21,112,1
21,113,1
21,111,0
21,111,1
21,80,1
21,84,1
21,88,1
21,81,1
21,85,1
21,89,1
21,82,1
21,86,1
21,90,1
21,83,1
21,87,1
21,91,1
21,108,0
21,108,1
21,110,1
21,109,1
21,95,1
21,97,0
21,97,1
21,96,1
21,98,1
21,99,0
21,99,1
21,100,1
21,101,1
21,102,1
21,115,1
21,116,1
21,117,1
21,114,1
21,197,1
21,198,1
21,121,1
21,122,1
21,123,1
21,124,1
21,125,0
21,125,1
21,127,1
21,128,1
21,130,1
21,131,1
21,126,1
21,129,1
21,132,1
21,134,1
21,135,0
21,135,1
21,133,1
21,136,0
21,136,1
21,137,1
21,138,1
21,139,1
21,140,1
21,141,1
21,142,1
21,143,0
21,143,1
21,144,1
21,145,1
21,146,1
21,181,1
21,147,1
21,148,1
21,149,1
21,163,1
21,167,1
21,173,1
21,164,0
21,164,1
21,168,1
21,171,1
21,165,1
21,169,1
21,172,1
21,166,1
21,170,1
21,174,1
21,175,1
21,176,1
21,177,1
21,178,1
21,179,0
21,179,1
21,180,1
21,222,1
21,223,1
21,199,1
21,188,1
21,190,1
21,200,1
21,189,1
21,191,1
22,193,0
22,193,1
22,226,0
22,226,1
22,192,1
22,255,0
22,255,1
22,194,1
23,0,1
23,1,0
23,1,1
23,2,1
23,3,1
23,4,1
23,5,1
23,6,1
23,7,1
23,8,1
23,9,1
23,10,1
23,11,1
23,12,1
23,13,1
23,14,1
23,15,1
23,16,1
23,17,1
23,18,1
23,19,1
23,20,1
23,21,1
23,23,1
23,24,1
23,22,1
23,25,1
23,26,1
23,31,0
23,31,1
23,32,0
23,32,1
23,33,0
23,33,1
23,28,1
23,30,1
23,37,1
23,38,1
23,39,1
23,37,1
23,38,1
23,39,1
23,56,1
23,57,1
23,58,1
23,59,1
23,105,1
23,107,1
23,106,1
23,60,1
23,61,1
23,62,1
23,63,0
23,63,1
23,64,1
23,65,1
23,66,1
23,67,1
23,68,1
23,69,1
23,70,1
23,71,1
23,72,0
23,72,1
23,73,1
23,74,0
23,74,1
23,75,1
23,76,1
23,80,1
23,81,1
23,82,1
23,83,1
23,84,1
23,85,1
23,86,1
23,87,1
23,88,1
23,89,1
23,90,1
23,91,1
23,92,1
23,93,1
23,94,1
23,111,1
23,112,1
23,113,1
23,124,1
23,125,1
23,126,1
23,127,1
23,128,1
23,129,1
23,130,1
23,131,1
23,132,1
23,133,0
23,133,1
23,134,0
23,134,1
23,135,0
23,135,1
23,136,1
23,137,1
23,138,1
23,139,1
23,140,0
23,140,1
23,142,1
23,141,1
23,143,1
23,144,1
23,145,1
23,146,1
23,150,1
23,151,1
23,152,1
23,163,1
23,164,0
23,164,1
23,165,1
23,166,1
23,167,1
23,168,0
23,168,1
23,169,1
23,170,1
23,173,1
23,171,1
23,172,1
23,174,1
23,175,1
23,176,1
23,177,1
23,182,1
23,183,1
23,178,1
23,184,1
23,185,1
23,179,1
23,186,1
23,187,0
23,187,1
23,180,1
23,224,1
23,199,0
23,199,1
23,200,0
23,200,1
23,190,1
23,188,1
23,189,1
23,191,0
23,191,1
23,193,0
23,193,1
23,266,0
23,266,1
23,306,1
23,307,1
23,267,1
23,269,0
23,269,1
23,270,1
23,272,1
23,155,1
23,156,1
23,157,1
24,0,1
24,1,0
24,1,1
24,2,1
24,3,1
24,4,1
24,5,1
24,6,1
24,9,1
24,7,1
24,10,1
24,8,1
24,11,1
24,12,1
24,13,1
24,14,1
24,15,1
24,16,1
24,17,1
24,18,1
24,19,1
24,20,1
24,23,1
24,21,1
24,24,1
24,22,1
24,25,1
24,26,1
24,31,0
24,31,1
24,32,0
24,32,1
24,33,0
24,33,1
24,28,0
24,28,1
24,29,1
24,30,0
24,30,1
24,37,0
24,37,1
24,38,1
24,39,0
24,39,1
24,37,1
24,38,0
24,38,1
24,39,0
24,39,1
24,34,1
24,35,1
24,42,1
24,43,1
24,44,1
24,41,0
24,41,1
24,36,1
24,56,1
24,57,0
24,57,1
24,58,1
24,59,1
24,105,0
24,105,1
24,107,0
24,107,1
24,106,0
24,106,1
24,60,0
24,60,1
24,61,0
24,61,1
24,62,0
24,62,1
24,63,0
24,63,1
24,65,1
24,64,0
24,64,1
24,66,1
24,67,1
24,69,1
24,68,1
24,70,1
24,71,1
24,73,1
24,72,1
24,74,1
24,75,0
24,75,1
24,76,1
24,77,1
24,78,1
24,79,1
24,92,1
24,93,0
24,93,1
24,94,1
24,111,1
24,112,1
24,113,1
24,80,1
24,81,1
24,83,1
24,82,1
24,84,1
24,85,1
24,87,1
24,86,0
24,86,1
24,88,1
24,89,1
24,91,1
24,90,1
24,124,1
24,125,1
24,126,1
24,124,1
24,125,1
24,126,0
24,126,1
24,127,1
24,128,1
24,129,1
24,130,0
24,130,1
24,131,1
24,132,0
24,132,1
24,134,1
24,133,1
24,135,1
24,136,0
24,136,1
24,137,0
24,137,1
24,138,0
24,138,1
24,139,1
24,140,1
24,141,1
24,142,1
24,143,0
24,143,1
24,144,1
24,145,1
24,146,1
24,150,1
24,151,0
24,151,1
24,152,1
24,147,1
24,148,1
24,149,1
24,163,1
24,164,0
24,164,1
24,165,1
24,166,1
24,168,1
24,169,1
24,167,1
24,170,1
24,171,1
24,172,1
24,173,1
24,174,1
24,176,1
24,175,1
24,177,1
24,178,1
24,179,1
24,180,1
24,222,1
24,223,0
24,223,1
24,224,1
24,225,1
24,199,0
24,199,1
24,188,1
24,200,0
24,200,1
24,190,1
24,191,0
24,191,1
24,193,1
24,194,1
24,201,1
24,202,1
24,203,1
24,156,1
24,155,1
24,157,1
24,158,1
24,159,1
25,29,0
25,29,1
25,30,1
25,59,0
25,59,1
25,105,0
25,105,1
25,107,0
25,107,1
25,106,1
25,60,0
25,60,1
25,61,0
25,61,1
26,0,1
26,1,1
26,2,1
26,3,1
26,4,1
26,5,1
26,6,1
26,7,1
26,8,1
26,9,1
26,10,1
26,11,1
26,12,1
26,13,1
26,14,1
26,15,1
26,16,1
26,17,1
26,18,1
26,19,1
26,20,1
26,21,1
26,23,1
26,24,1
26,22,1
26,25,1
26,26,1
26,31,1
26,32,1
26,33,0
26,33,1
26,28,1
26,29,0
26,29,1
26,30,0
26,30,1
26,37,0
26,37,1
26,38,1
26,39,1
26,37,0
26,37,1
26,38,1
26,39,0
26,39,1
26,34,1
26,35,1
26,40,0
26,40,1
26,40,1
26,40,1
26,56,1
26,57,1
26,58,1
26,59,0
26,59,1
26,105,0
26,105,1
26,107,0
26,107,1
26,105,0
26,105,1
26,107,0
26,107,1
26,106,0
26,106,1
26,60,0
26,60,1
26,61,0
26,61,1
26,64,0
26,64,1
26,62,1
26,63,0
26,63,1
26,65,0
26,65,1
26,66,1
26,68,0
26,68,1
26,67,0
26,67,1
26,69,0
26,69,1
26,70,1
26,71,1
26,73,1
26,72,0
26,72,1
26,74,0
26,74,1
26,75,1
26,76,0
26,76,1
26,77,1
26,80,1
26,82,1
26,81,1
26,83,1
26,84,1
26,85,1
26,87,1
26,86,1
26,88,1
26,89,1
26,91,1
26,90,1
26,92,1
26,93,1
26,94,1
26,111,1
26,112,0
26,112,1
26,113,0
26,113,1
26,108,0
26,108,1
26,110,0
26,110,1
26,109,1
26,115,1
26,116,1
26,117,1
26,114,0
26,114,1
26,197,0
26,197,1
26,198,0
26,198,1
26,121,1
26,122,0
26,122,1
26,123,1
26,118,1
26,119,1
26,120,1
26,124,1
26,125,1
26,126,1
26,127,1
26,128,1
26,129,1
26,130,1
26,131,1
26,132,1
26,133,1
26,134,1
26,135,1
26,136,1
26,137,1
26,138,1
26,139,1
26,140,1
26,142,1
26,141,0
26,141,1
26,143,1
26,163,1
26,164,0
26,164,1
26,165,1
26,166,1
26,168,0
26,168,1
26,169,0
26,169,1
26,167,1
26,170,1
26,171,0
26,171,1
26,172,1
26,173,1
26,174,1
26,175,1
26,176,1
26,177,0
26,177,1
26,178,1
26,179,1
26,180,0
26,180,1
26,222,1
26,223,1
26,199,0
26,199,1
26,200,0
26,200,1
26,191,1
26,193,0
26,193,1
26,194,0
26,194,1
26,201,0
26,201,1
26,202,1
26,203,1
26,262,1
26,265,1
26,144,1
26,145,1
26,146,1
26,227,1
27,0,1
27,1,1
27,2,1
27,3,1
27,6,1
27,9,1
27,4,0
27,4,1
27,7,1
27,10,1
27,5,1
27,8,0
27,8,1
27,11,1
27,12,1
27,13,1
27,14,1
27,15,1
27,16,1
27,17,1
27,19,1
27,23,1
27,25,1
27,18,1
27,21,1
27,22,1
27,20,1
27,24,1
27,26,1
27,32,1
27,31,1
27,31,1
27,33,0
27,33,1
27,32,0
27,32,1
27,28,1
27,29,1
27,30,1
27,34,1
27,35,1
27,36,1
27,41,0
27,41,1
27,41,1
27,41,1
27,56,0
27,56,1
27,57,1
27,58,1
27,59,1
27,105,0
27,105,1
27,107,0
27,107,1
27,106,1
27,60,0
27,60,1
27,61,1
27,62,1
27,66,1
27,70,1
27,63,1
27,67,1
27,71,1
27,64,1
27,68,1
27,72,1
27,65,1
27,69,1
27,73,1
27,74,1
27,75,0
27,75,1
27,76,1
27,74,1
27,75,1
27,76,1
27,111,1
27,112,1
27,113,1
27,124,1
27,127,1
27,125,1
27,128,1
27,126,1
27,129,1
27,124,0
27,124,1
27,127,1
27,125,1
27,128,1
27,126,1
27,129,1
27,130,0
27,130,1
27,131,0
27,131,1
27,132,1
27,134,1
27,133,0
27,133,1
27,135,1
28,0,1
28,1,1
28,2,1
28,3,1
28,4,1
28,5,1
28,6,1
28,7,1
28,8,1
28,9,1
28,10,1
28,11,1
28,19,1
28,18,1
28,20,1
28,23,1
28,21,1
28,24,1
28,25,1
28,22,1
28,26,1
29,0,1
29,1,1
29,2,1
29,3,1
29,4,1
29,5,1
29,6,1
29,7,1
29,8,1
29,9,1
29,10,1
29,11,1
29,12,1
29,13,1
29,14,1
29,15,1
29,16,1
29,17,1
29,19,1
29,18,1
29,20,1
29,23,1
29,21,1
29,24,1
29,25,1
29,22,1
29,26,1
29,31,0
29,31,1
29,32,0
29,32,1
29,33,0
29,33,1
29,28,0
29,28,1
29,29,0
29,29,1
29,59,0
29,59,1
29,105,0
29,105,1
29,107,0
29,107,1
29,106,0
29,106,1
29,60,0
29,60,1
29,61,0
29,61,1
29,62,1
29,63,1
29,65,1
29,64,0
29,64,1
29,66,1
29,67,1
29,69,1
29,68,0
29,68,1
29,70,1
29,71,1
29,72,1
29,73,1
29,74,0
29,74,1
29,75,0
29,75,1
29,76,0
29,76,1
29,77,1
29,78,0
29,78,1
29,79,1
29,92,0
29,92,1
29,93,0
29,93,1
29,94,0
29,94,1
29,111,1
29,112,0
29,112,1
29,113,0
29,113,1
29,80,1
29,81,1
29,82,1
29,83,1
29,84,1
29,85,1
29,87,1
29,86,0
29,86,1
29,88,1
29,89,1
29,90,1
29,91,1
29,108,0
29,108,1
29,110,1
29,109,1
29,98,1
29,99,1
29,115,1
29,116,1
29,117,1
29,114,1
29,197,1
29,198,1
29,124,1
29,125,1
29,126,0
29,126,1
29,127,1
29,128,1
29,129,1
29,130,1
29,131,1
29,132,1
29,134,1
29,135,0
29,135,1
29,133,0
29,133,1
29,124,1
29,125,1
29,126,1
29,127,1
29,128,1
29,129,1
29,124,1
29,125,1
29,126,1
29,127,1
29,128,1
29,129,1
29,124,0
29,124,1
29,125,1
29,126,1
29,127,0
29,127,1
29,128,1
29,129,1
29,130,1
29,131,1
29,132,1
29,134,1
29,135,1
29,133,1
29,136,1
29,137,0
29,137,1
29,138,1
29,139,1
29,140,1
29,142,1
29,141,1
29,143,1
29,163,1
29,164,0
29,164,1
29,165,0
29,165,1
29,166,1
29,168,1
29,169,1
29,167,1
29,170,1
29,171,1
29,172,1
29,173,1
29,174,1
29,175,1
29,176,1
29,177,1
29,182,1
29,184,1
29,186,1
29,183,1
29,185,1
29,187,1
29,178,0
29,178,1
29,179,0
29,179,1
29,180,1
29,222,0
29,222,1
29,223,1
29,224,1
29,225,1
29,199,1
29,190,1
29,200,0
29,200,1
29,189,1
29,188,1
29,191,0
29,191,1
29,193,0
29,193,1
29,226,1
29,192,1
29,194,1
29,256,1
29,259,0
29,259,1
29,201,1
29,260,1
29,257,1
29,261,1
29,258,1
29,203,1
29,202,1
29,227,1
30,28,0
30,28,1
30,29,0
30,29,1
30,30,1
30,31,0
30,31,1
30,32,1
30,33,1
31,28,0
31,28,1
31,29,0
31,29,1
31,31,1
31,32,0
31,32,1
31,33,1
31,30,0
31,30,1
31,30,0
31,30,1
32,74,1
32,75,1
32,76,1
32,62,1
32,63,1
32,64,1
32,65,1
32,66,1
32,70,1
32,67,0
32,67,1
32,71,1
32,68,0
32,68,1
32,72,1
32,69,1
32,73,1
32,105,1
32,107,1
32,106,1
32,92,0
32,92,1
32,93,1
32,94,1
32,111,1
32,113,1
32,112,0
32,112,1
32,108,1
32,110,1
32,109,1
32,308,1
32,124,0
32,124,1
32,125,0
32,125,1
32,126,0
32,126,1
32,127,0
32,127,1
32,128,1
32,129,1
33,222,1
33,223,1
33,224,1
33,225,1
33,199,0
33,199,1
33,200,1
33,188,1
33,190,1
33,189,1
33,191,1
34,0,1
34,1,1
34,2,1
34,0,0
34,0,1
34,1,1
34,2,0
34,2,1
34,3,1
34,4,1
34,5,0
34,5,1
34,6,1
34,7,1
34,8,1
34,9,1
34,10,1
34,11,1
34,12,1
34,13,1
34,14,1
34,15,1
34,16,1
34,17,1
34,18,1
34,19,1
34,20,1
34,23,1
34,21,1
34,24,1
34,25,1
34,22,1
34,26,1
34,31,1
34,31,1
34,32,0
34,32,1
34,33,0
34,33,1
34,28,0
34,28,1
34,29,0
34,29,1
34,30,1
34,37,0
34,37,1
34,38,1
34,39,1
34,37,1
34,38,1
34,39,0
34,39,1
34,34,0
34,34,1
34,35,1
34,40,1
34,41,1
34,45,1
34,56,1
34,57,0
34,57,1
34,58,1
34,59,0
34,59,1
34,105,0
34,105,1
34,107,0
34,107,1
34,106,0
34,106,1
34,60,0
34,60,1
34,61,1
34,62,0
34,62,1
34,63,1
34,64,0
34,64,1
34,65,1
34,66,0
34,66,1
34,67,0
34,67,1
34,68,0
34,68,1
34,69,1
34,71,1
34,72,1
34,73,1
34,70,0
34,70,1
34,74,0
34,74,1
34,75,0
34,75,1
34,76,0
34,76,1
34,77,1
34,78,1
34,79,0
34,79,1
34,80,1
34,81,1
34,82,1
34,83,1
34,84,1
34,85,1
34,86,1
34,87,1
34,88,1
34,89,1
34,90,1
34,91,1
34,92,1
34,93,0
34,93,1
34,94,0
34,94,1
34,111,0
34,111,1
34,112,1
34,113,0
34,113,1
34,108,1
34,110,1
34,109,1
34,95,1
34,97,1
34,96,0
34,96,1
34,98,1
34,115,1
34,116,1
34,117,0
34,117,1
34,114,1
34,197,1
34,198,1
34,124,1
34,125,0
34,125,1
34,126,0
34,126,1
34,127,1
34,128,0
34,128,1
34,129,1
34,130,0
34,130,1
34,131,0
34,131,1
34,132,1
34,134,0
34,134,1
34,133,1
34,135,1
34,136,0
34,136,1
34,137,1
34,138,1
34,139,1
34,140,1
34,142,1
34,141,1
34,143,1
34,144,1
34,145,1
34,146,1
34,150,1
34,151,1
34,152,1
34,163,1
34,164,0
34,164,1
34,165,1
34,166,0
34,166,1
34,167,1
34,168,1
34,169,0
34,169,1
34,170,1
34,173,1
34,171,1
34,172,0
34,172,1
34,174,1
34,176,1
34,175,0
34,175,1
34,177,1
34,183,1
34,182,1
34,178,0
34,178,1
34,185,1
34,184,1
34,179,1
34,187,1
34,186,1
34,180,0
34,180,1
34,222,1
34,223,0
34,223,1
34,225,1
34,199,0
34,199,1
34,200,1
34,190,1
34,188,1
34,189,0
34,189,1
34,191,0
34,191,1
34,193,1
34,226,1
34,192,1
34,255,1
34,194,1
34,259,1
34,256,1
34,201,0
34,201,1
34,260,0
34,260,1
34,257,1
34,202,1
34,261,1
34,258,1
34,203,0
34,203,1
34,262,1
34,263,1
34,264,1
34,265,1
34,156,0
34,156,1
34,157,0
34,157,1
34,155,1
34,227,1
34,228,1
34,158,0
34,158,1
34,159,1
34,248,1
34,249,1
34,160,1
34,161,1
34,162,0
34,162,1
34,204,0
34,204,1
34,205,0
34,205,1
34,206,1
34,207,0
34,207,1
34,208,1
34,209,1
34,210,1
34,211,1
34,212,1
34,213,1
34,214,1
34,215,1
34,216,0
34,216,1
34,217,1
34,218,1
34,219,0
34,219,1
34,220,1
34,221,1
34,309,1
34,310,1
34,309,1
34,310,1
34,311,1
34,312,1
34,313,1
34,314,1
34,315,1
34,316,1
35,0,1
35,1,1
35,2,1
35,3,0
35,3,1
35,4,1
35,5,1
35,6,1
35,9,1
35,7,1
35,10,1
35,8,1
35,11,1
35,12,1
35,13,1
35,14,0
35,14,1
35,15,1
35,16,1
35,17,1
35,21,1
35,18,1
35,19,1
35,20,0
35,20,1
35,23,1
35,24,1
35,22,1
35,25,1
35,26,1
35,27,1
35,233,0
35,233,1
35,230,1
35,236,1
35,234,1
35,231,1
35,237,1
35,232,1
35,235,1
35,238,1
35,31,0
35,31,1
35,31,1
35,33,0
35,33,1
35,32,1
35,28,1
35,29,0
35,29,1
35,30,1
35,37,1
35,39,1
35,38,1
35,35,1
35,36,1
35,42,1
35,43,0
35,43,1
35,44,0
35,44,1
35,41,1
35,47,1
35,48,1
35,49,1
35,50,1
35,56,1
35,57,1
35,58,1
35,59,1
35,105,0
35,105,1
35,107,1
35,106,1
35,60,1
35,61,1
35,62,1
35,63,1
35,66,1
35,67,1
35,64,1
35,65,1
35,68,1
35,69,1
35,70,1
35,71,1
35,72,1
35,73,1
35,74,0
35,74,1
35,75,1
35,76,1
35,74,1
35,75,1
35,76,1
35,111,1
35,112,1
35,113,1
35,92,1
35,93,1
35,94,1
35,124,1
35,127,1
35,125,0
35,125,1
35,128,1
35,126,0
35,126,1
35,129,1
35,130,1
35,131,1
35,132,1
35,124,1
35,127,1
35,125,1
35,126,1
35,129,1
35,128,1
35,130,1
35,131,1
35,132,1
35,134,1
35,135,0
35,135,1
35,133,1
35,136,1
35,137,1
35,138,1
35,139,1
35,140,1
35,142,1
35,141,1
35,143,1
35,163,1
35,164,1
35,165,1
35,166,1
35,168,0
35,168,1
35,169,1
35,167,1
35,170,1
35,171,1
35,172,1
35,173,1
35,174,1
35,175,1
35,176,1
35,177,1
35,178,1
35,179,1
35,180,1
35,222,1
35,223,1
35,199,1
35,200,0
35,200,1
35,191,1
35,193,1
35,194,1
35,144,1
35,145,1
35,146,1
35,181,1
36,0,1
36,1,1
36,2,1
36,4,1
36,3,1
36,5,1
36,6,1
36,7,1
36,8,1
36,9,1
36,10,1
36,11,1
36,12,1
36,13,1
36,14,1
36,15,1
36,16,1
36,17,1
36,18,0
36,18,1
36,19,0
36,19,1
36,20,0
36,20,1
36,21,1
36,23,1
36,24,1
36,22,1
36,25,1
36,26,1
36,19,1
36,18,1
36,20,1
36,23,1
36,21,1
36,24,1
36,25,1
36,22,1
36,26,1
36,31,0
36,31,1
36,32,0
36,32,1
36,33,0
36,33,1
36,28,1
36,29,0
36,29,1
36,30,1
36,37,1
36,38,1
36,39,0
36,39,1
36,37,1
36,38,1
36,39,1
36,35,0
36,35,1
36,35,1
36,35,1
36,56,1
36,57,1
36,58,0
36,58,1
36,59,1
36,105,0
36,105,1
36,107,0
36,107,1
36,105,0
36,105,1
36,107,0
36,107,1
36,106,1
36,60,0
36,60,1
36,61,1
36,62,1
36,63,0
36,63,1
36,66,0
36,66,1
36,64,0
36,64,1
36,65,0
36,65,1
36,67,0
36,67,1
36,69,1
36,68,1
36,70,1
36,71,0
36,71,1
36,73,1
36,72,1
36,74,1
36,75,0
36,75,1
36,76,1
36,77,1
36,92,0
36,92,1
36,93,1
36,94,1
36,80,1
36,81,0
36,81,1
36,83,1
36,82,1
36,84,1
36,85,1
36,87,1
36,86,1
36,88,0
36,88,1
36,89,1
36,91,1
36,90,1
36,111,1
36,112,1
36,113,1
36,108,1
36,110,0
36,110,1
36,109,1
36,124,0
36,124,1
36,125,0
36,125,1
36,126,0
36,126,1
36,127,0
36,127,1
36,128,1
36,129,1
36,124,0
36,124,1
36,125,0
36,125,1
36,126,1
36,127,0
36,127,1
36,128,0
36,128,1
36,129,0
36,129,1
36,130,0
36,130,1
36,131,1
36,132,1
36,134,0
36,134,1
36,133,1
36,135,1
36,136,0
36,136,1
36,137,1
36,138,1
36,139,1
36,140,1
36,142,0
36,142,1
36,141,0
36,141,1
36,143,0
36,143,1
36,144,1
36,145,0
36,145,1
36,146,1
36,150,0
36,150,1
36,151,1
36,152,1
36,156,1
36,155,1
36,157,1
36,181,0
36,181,1
36,160,1
36,161,1
36,162,1
36,147,1
36,148,1
36,149,1
36,251,1
36,252,1
36,163,1
36,164,0
36,164,1
36,165,0
36,165,1
36,166,0
36,166,1
36,167,1
36,168,1
36,169,1
36,170,1
36,173,0
36,173,1
36,171,1
36,172,1
36,174,0
36,174,1
36,175,1
36,176,0
36,176,1
36,177,0
36,177,1
36,183,1
36,182,0
36,182,1
36,178,0
36,178,1
36,185,1
36,184,0
36,184,1
36,179,1
36,186,1
36,187,1
36,180,1
36,222,1
36,223,0
36,223,1
36,225,1
36,224,1
36,199,0
36,199,1
36,188,1
36,190,1
36,200,0
36,200,1
36,191,0
36,191,1
36,193,0
36,193,1
36,226,1
36,192,1
36,194,0
36,194,1
36,201,1
36,202,0
36,202,1
36,203,1
36,262,1
36,317,1
36,263,1
36,265,0
36,265,1
36,306,1
36,307,0
36,307,1
36,266,0
36,266,1
36,269,1
36,270,1
36,271,1
36,272,1
36,273,1
36,274,0
36,274,1
36,275,1
36,278,1
36,281,1
36,276,0
36,276,1
36,279,1
36,282,1
36,277,1
36,280,1
36,283,1
36,227,1
36,228,1
36,158,0
36,158,1
36,159,1
36,204,1
36,205,1
36,206,1
36,207,0
36,207,1
36,208,1
36,209,1
36,210,1
36,211,1
36,212,1
36,213,1
36,214,1
36,215,1
36,216,1
36,217,1
36,218,1
36,219,0
36,219,1
36,220,1
36,221,1
36,309,1
36,310,0
36,310,1
37,0,1
37,1,0
37,1,1
37,2,1
37,3,1
37,4,1
37,5,1
37,6,1
37,7,1
37,8,1
37,9,1
37,10,1
37,11,1
37,12,1
37,13,1
37,14,1
37,15,1
37,16,1
37,17,1
37,18,1
37,19,1
37,20,1
37,21,1
37,23,1
37,24,1
37,22,1
37,25,1
37,26,1
37,31,0
37,31,1
37,32,1
37,33,1
37,28,1
37,29,0
37,29,1
37,30,0
37,30,1
37,37,1
37,38,1
37,39,0
37,39,1
37,37,1
37,38,1
37,39,1
37,35,1
37,35,1
37,56,1
37,57,1
37,58,1
37,59,1
37,105,0
37,105,1
37,107,1
37,106,1
37,60,1
37,61,1
37,62,1
37,66,1
37,70,1
37,63,1
37,67,1
37,71,1
37,64,0
37,64,1
37,68,1
37,72,0
37,72,1
37,65,1
37,69,1
37,73,1
37,74,0
37,74,1
37,75,1
37,76,0
37,76,1
37,74,0
37,74,1
37,76,0
37,76,1
37,75,0
37,75,1
37,111,1
37,112,1
37,113,1
37,80,1
37,84,1
37,88,1
37,81,1
37,85,1
37,89,1
37,82,1
37,86,1
37,90,1
37,83,1
37,87,1
37,91,1
37,92,0
37,92,1
37,93,1
37,94,1
37,115,1
37,116,1
37,117,1
37,108,1
37,110,1
37,109,1
37,124,1
37,125,0
37,125,1
37,127,1
37,128,1
37,126,0
37,126,1
37,129,1
37,124,1
37,125,0
37,125,1
37,127,1
37,128,0
37,128,1
37,126,0
37,126,1
37,129,1
37,130,1
37,131,1
37,132,0
37,132,1
37,134,1
37,133,1
37,135,0
37,135,1
37,136,1
37,137,1
37,138,0
37,138,1
37,139,1
37,140,1
37,141,1
37,142,1
37,143,1
37,144,1
37,145,1
37,146,0
37,146,1
37,147,1
37,148,1
37,149,1
37,150,1
37,151,1
37,152,1
37,251,1
37,252,1
37,164,0
37,164,1
37,167,1
37,163,1
37,173,1
37,168,0
37,168,1
37,171,0
37,171,1
37,169,0
37,169,1
37,170,0
37,170,1
37,172,1
37,174,1
37,176,1
37,175,0
37,175,1
37,177,1
37,183,1
37,182,1
37,178,1
37,185,1
37,187,1
37,184,1
37,186,1
37,179,1
37,180,1
37,222,1
37,223,1
37,225,1
37,224,1
37,199,1
37,200,0
37,200,1
37,188,1
37,190,1
37,191,1
37,193,0
37,193,1
37,226,1
37,192,1
37,194,1
37,77,1
37,256,1
37,257,1
37,258,1
37,259,1
37,260,1
37,261,1
37,201,1
37,202,1
37,203,1
38,139,0
38,139,1
38,140,0
38,140,1
38,142,0
38,142,1
38,141,1
38,143,1
38,144,1
38,145,1
38,146,1
38,150,0
38,150,1
38,151,0
38,151,1
38,152,0
38,152,1
38,155,0
38,155,1
38,156,0
38,156,1
38,157,0
38,157,1
38,136,0
38,136,1
38,160,1
38,161,1
38,162,1
38,147,0
38,147,1
38,148,1
38,149,1
39,140,1
39,142,0
39,142,1
39,141,1
39,143,0
39,143,1
39,144,0
39,144,1
39,145,1
39,146,1
39,156,1
39,155,1
39,157,0
39,157,1
40,189,0
40,189,1
40,188,1
40,190,1
40,254,0
40,254,1
40,191,0
40,191,1
40,193,0
40,193,1
40,226,0
40,226,1
40,192,1
40,255,0
40,255,1
40,194,0
40,194,1
40,3,1
40,4,1
40,5,0
40,5,1
40,6,1
40,7,1
40,8,1
40,9,1
40,10,1
40,11,1
40,183,0
40,183,1
40,182,0
40,182,1
40,178,0
40,178,1
40,184,1
40,185,1
40,187,1
40,186,0
40,186,1
40,179,0
40,179,1
40,180,1
40,262,0
40,262,1
40,263,0
40,263,1
40,317,0
40,317,1
40,264,0
40,264,1
40,265,0
40,265,1
41,0,1
41,1,1
41,2,1
41,3,1
41,4,1
41,5,1
41,6,1
41,7,1
41,8,1
41,9,1
41,10,1
41,11,1
41,12,1
41,13,1
41,14,1
41,15,1
41,16,1
41,17,1
41,18,1
41,19,1
41,20,0
41,20,1
41,21,1
41,23,1
41,24,1
41,22,1
41,25,1
41,26,1
41,18,1
41,21,1
41,19,1
41,20,0
41,20,1
41,23,1
41,24,1
41,22,1
41,25,1
41,26,1
41,31,0
41,31,1
41,32,0
41,32,1
41,33,0
41,33,1
41,28,0
41,28,1
41,29,0
41,29,1
41,30,0
41,30,1
41,37,0
41,37,1
41,38,0
41,38,1
41,39,1
41,37,0
41,37,1
41,38,0
41,38,1
41,39,1
41,34,1
41,35,1
41,36,0
41,36,1
41,40,0
41,40,1
41,47,0
41,47,1
41,42,1
41,43,0
41,43,1
41,44,0
41,44,1
41,41,1
41,45,1
41,53,1
41,53,1
41,53,1
41,56,0
41,56,1
41,57,0
41,57,1
41,58,0
41,58,1
41,59,0
41,59,1
41,105,0
41,105,1
41,107,0
41,107,1
41,105,0
41,105,1
41,107,0
41,107,1
41,106,0
41,106,1
41,60,1
41,61,1
41,62,1
41,63,0
41,63,1
41,64,1
41,65,1
41,66,1
41,67,1
41,68,1
41,69,1
41,70,1
41,71,1
41,72,1
41,73,1
41,74,1
41,75,0
41,75,1
41,76,1
41,78,1
41,79,1
41,92,1
41,93,1
41,94,0
41,94,1
41,111,1
41,112,0
41,112,1
41,113,1
41,95,1
41,97,1
41,96,0
41,96,1
41,108,0
41,108,1
41,110,1
41,109,0
41,109,1
41,115,1
41,116,0
41,116,1
41,117,1
41,114,1
41,197,1
41,198,0
41,198,1
41,121,1
41,122,1
41,123,1
41,124,1
41,125,1
41,126,1
41,127,1
41,128,1
41,129,1
41,130,0
41,130,1
41,132,0
41,132,1
41,131,0
41,131,1
41,134,0
41,134,1
41,133,1
41,135,1
41,136,1
41,137,1
41,138,1
41,140,1
41,139,1
41,141,1
41,143,0
41,143,1
41,142,0
41,142,1
41,144,1
41,145,1
41,146,1
41,148,1
41,149,1
41,147,1
41,150,1
41,151,1
41,152,0
41,152,1
41,156,0
41,156,1
41,157,0
41,157,1
41,155,1
41,160,1
41,161,1
41,162,1
41,251,1
41,252,1
41,318,1
41,319,1
41,320,1
41,163,1
41,164,0
41,164,1
41,165,0
41,165,1
41,166,1
41,167,1
41,168,1
41,169,1
41,170,0
41,170,1
41,173,1
41,171,0
41,171,1
41,172,1
41,174,1
41,176,1
41,175,1
41,177,1
41,178,0
41,178,1
41,179,1
41,180,1
41,222,1
41,223,0
41,223,1
41,225,1
41,224,1
41,199,0
41,199,1
41,200,1
41,189,1
41,190,1
41,188,1
41,191,1
41,193,1
41,192,1
41,226,1
41,194,0
41,194,1
41,77,1
41,259,1
41,256,1
41,201,1
41,260,1
41,257,0
41,257,1
41,202,1
41,261,1
41,258,1
41,203,1
41,80,1
41,81,0
41,81,1
41,82,1
41,83,1
41,84,1
41,85,1
41,87,1
41,86,1
41,88,1
41,89,1
41,91,1
41,90,1
41,158,1
41,159,1
42,1,1
42,2,1
42,0,1
42,4,1
42,3,1
42,5,0
42,5,1
42,6,1
42,7,1
42,8,1
42,9,1
42,10,1
42,11,1
42,13,1
42,14,1
42,12,1
42,15,1
42,16,1
42,17,1
42,18,1
42,21,0
42,21,1
42,22,1
42,23,1
42,19,1
42,25,1
42,20,0
42,20,1
42,24,1
42,26,1
42,25,1
42,23,1
42,19,1
42,22,0
42,22,1
42,21,1
42,18,1
42,20,1
42,24,1
42,26,1
42,31,0
42,31,1
42,32,0
42,32,1
42,31,0
42,31,1
42,32,0
42,32,1
42,33,0
42,33,1
42,29,1
42,30,1
42,37,1
42,38,1
42,39,1
42,37,1
42,38,1
42,39,1
42,28,1
42,56,1
42,57,1
42,58,1
42,59,0
42,59,1
42,105,0
42,105,1
42,107,1
42,106,1
42,60,0
42,60,1
42,61,1
42,62,0
42,62,1
42,63,0
42,63,1
42,64,1
42,65,1
42,66,0
42,66,1
42,67,1
42,68,1
42,69,1
42,70,0
42,70,1
42,71,1
42,73,1
42,72,1
42,74,1
42,75,0
42,75,1
42,76,1
42,77,1
42,80,0
42,80,1
42,81,1
42,82,1
42,83,1
42,84,1
42,85,1
42,86,1
42,87,1
42,88,0
42,88,1
42,89,1
42,90,1
42,91,1
42,92,0
42,92,1
42,93,0
42,93,1
42,94,1
42,227,0
42,227,1
42,228,1
42,250,1
42,253,0
42,253,1
42,305,1
42,95,1
42,97,1
42,96,1
42,321,1
42,111,0
42,111,1
42,112,1
42,113,1
42,108,1
42,110,1
42,109,1
42,115,1
42,116,1
42,117,1
42,114,0
42,114,1
42,197,1
42,198,1
42,121,1
42,122,1
42,123,1
42,124,0
42,124,1
42,125,0
42,125,1
42,126,0
42,126,1
42,127,1
42,128,0
42,128,1
42,129,0
42,129,1
42,134,0
42,134,1
42,135,0
42,135,1
42,133,0
42,133,1
42,130,1
42,131,1
42,132,0
42,132,1
42,136,1
42,137,0
42,137,1
42,138,0
42,138,1
42,139,0
42,139,1
42,140,0
42,140,1
42,142,0
42,142,1
42,141,0
42,141,1
42,143,0
42,143,1
42,144,1
42,145,0
42,145,1
42,146,0
42,146,1
42,147,0
42,147,1
42,148,1
42,149,1
42,150,0
42,150,1
42,151,0
42,151,1
42,152,0
42,152,1
42,156,1
42,155,1
42,157,1
42,160,1
42,161,0
42,161,1
42,162,1
42,204,1
42,205,1
42,206,1
42,251,1
42,252,0
42,252,1
42,181,1
42,320,1
42,318,1
42,319,1
42,210,1
42,211,0
42,211,1
42,212,1
42,213,1
42,214,1
42,215,1
42,219,0
42,219,1
42,220,1
42,221,1
42,216,1
42,217,1
42,218,1
42,163,1
42,175,0
42,175,1
42,176,0
42,176,1
42,177,1
42,182,1
42,184,1
42,186,1
42,183,1
42,185,1
42,187,1
42,178,0
42,178,1
42,179,1
42,180,1
42,222,1
42,223,0
42,223,1
42,225,1
42,224,0
42,224,1
42,199,1
42,200,1
42,188,0
42,188,1
42,189,1
42,190,1
42,191,0
42,191,1
42,193,1
42,226,1
42,194,1
42,259,1
42,260,1
42,261,1
42,256,1
42,257,1
42,258,1
42,203,0
42,203,1
42,202,0
42,202,1
42,201,1
42,262,0
42,262,1
42,265,1
42,266,0
42,266,1
42,267,1
42,306,1
42,307,1
42,268,0
42,268,1
42,269,0
42,269,1
42,270,1
42,271,1
42,272,1
42,273,1
42,274,1
42,281,1
42,282,0
42,282,1
42,283,1
42,287,1
42,288,1
42,289,1
42,291,0
42,291,1
42,285,0
42,285,1
42,290,1
42,292,1
42,284,1
42,286,1
42,293,1
42,294,1
42,295,1
42,158,1
42,159,0
42,159,1
42,248,0
42,248,1
42,249,1
42,322,1
43,0,1
43,1,1
43,2,1
43,3,1
43,4,1
43,6,1
43,7,1
43,9,1
43,10,1
43,5,0
43,5,1
43,8,1
43,11,1
43,12,1
43,13,0
43,13,1
43,14,1
43,15,1
43,16,1
43,17,1
43,19,1
43,18,1
43,23,1
43,21,1
43,25,1
43,22,1
43,20,0
43,20,1
43,26,0
43,26,1
43,24,1
43,19,1
43,18,0
43,18,1
43,20,1
43,23,1
43,21,1
43,24,1
43,25,1
43,22,1
43,26,1
43,239,1
43,242,1
43,240,1
43,243,1
43,246,0
43,246,1
43,245,1
43,241,1
43,244,1
43,247,1
43,31,0
43,31,1
43,32,0
43,32,1
43,33,0
43,33,1
43,28,1
43,29,1
43,30,0
43,30,1
43,37,1
43,38,1
43,39,1
43,37,1
43,38,1
43,39,1
43,56,1
43,57,0
43,57,1
43,56,1
43,57,1
43,58,0
43,58,1
43,59,1
43,105,0
43,105,1
43,107,0
43,107,1
43,106,1
43,60,0
43,60,1
43,61,0
43,61,1
43,62,1
43,63,0
43,63,1
43,64,1
43,65,1
43,66,1
43,67,1
43,68,1
43,69,0
43,69,1
43,70,1
43,71,1
43,72,0
43,72,1
43,73,1
43,75,1
43,76,1
43,74,0
43,74,1
43,78,1
43,79,1
43,92,1
43,93,1
43,94,1
43,80,1
43,81,1
43,82,1
43,83,1
43,84,1
43,88,1
43,85,1
43,86,1
43,87,1
43,89,1
43,90,1
43,91,1
43,111,1
43,112,1
43,113,1
43,108,1
43,110,1
43,109,1
43,124,0
43,124,1
43,125,1
43,126,1
43,127,1
43,128,0
43,128,1
43,129,1
43,124,0
43,124,1
43,125,1
43,126,0
43,126,1
43,127,1
43,128,1
43,129,1
43,130,0
43,130,1
43,131,0
43,131,1
43,132,0
43,132,1
43,133,0
43,133,1
43,134,0
43,134,1
43,135,1
43,136,1
43,137,0
43,137,1
43,138,0
43,138,1
43,139,1
43,140,0
43,140,1
43,142,1
43,141,1
43,143,1
43,144,1
43,145,1
43,146,1
43,150,1
43,151,0
43,151,1
43,152,1
43,155,1
43,156,0
43,156,1
43,157,0
43,157,1
43,158,0
43,158,1
43,159,1
43,160,1
43,161,1
43,162,1
43,204,1
43,205,1
43,206,1
43,208,1
43,207,0
43,207,1
43,209,1
43,210,1
43,211,1
43,212,1
43,213,1
43,214,1
43,215,1
43,216,1
43,217,1
43,218,1
43,220,1
43,219,1
43,221,1
43,171,0
43,171,1
43,168,1
43,164,1
43,165,1
43,169,1
43,172,1
43,163,1
43,167,1
43,173,1
43,166,0
43,166,1
43,170,1
43,174,1
43,175,1
43,176,1
43,177,1
43,182,1
43,183,1
43,178,0
43,178,1
43,184,1
43,185,1
43,179,1
43,186,1
43,187,1
43,180,1
43,222,1
43,223,0
43,223,1
43,224,1
43,225,1
43,199,0
43,199,1
43,188,0
43,188,1
43,190,1
43,200,1
43,191,0
43,191,1
43,192,1
43,193,1
43,256,1
43,259,0
43,259,1
43,201,1
43,257,1
43,260,1
43,258,1
43,261,1
43,202,1
43,203,1
43,262,1
43,263,1
43,264,0
43,264,1
43,265,1
44,30,0
44,30,1
44,31,1
44,32,0
44,32,1
44,33,0
44,33,1
44,31,1
44,32,1
45,0,1
45,1,1
45,2,1
45,3,1
45,4,1
45,5,1
45,6,1
45,7,1
45,8,1
45,9,1
45,10,1
45,11,1
45,12,1
45,13,1
45,14,1
45,15,1
45,16,1
45,17,1
45,19,1
45,18,1
45,20,1
45,23,1
45,25,1
45,21,1
45,22,1
45,24,1
45,26,1
45,31,1
45,32,0
45,32,1
45,33,1
45,28,1
45,29,1
45,30,1
45,37,1
45,38,1
45,39,1
45,36,1
45,56,1
45,57,1
45,58,1
45,59,0
45,59,1
45,105,0
45,105,1
45,107,1
45,106,1
45,60,0
45,60,1
45,61,1
45,62,1
45,63,0
45,63,1
45,64,1
45,65,1
45,66,1
45,67,1
45,68,1
45,69,1
45,70,1
45,71,1
45,72,1
45,73,1
45,74,1
45,75,0
45,75,1
45,76,1
45,74,1
45,75,1
45,76,1
45,80,0
45,80,1
45,81,0
45,81,1
45,82,1
45,83,1
45,84,1
45,85,1
45,86,1
45,87,1
45,88,0
45,88,1
45,89,1
45,90,1
45,91,1
45,77,0
45,77,1
45,227,1
45,228,1
45,111,1
45,112,1
45,113,1
45,124,1
45,125,0
45,125,1
45,126,1
45,128,1
45,127,0
45,127,1
45,129,1
45,124,0
45,124,1
45,125,1
45,126,0
45,126,1
45,127,1
45,128,1
45,129,1
45,130,1
45,131,1
45,132,1
45,134,1
45,133,1
45,135,1
45,136,0
45,136,1
45,137,0
45,137,1
45,138,0
45,138,1
45,139,0
45,139,1
45,140,0
45,140,1
45,141,1
45,142,0
45,142,1
45,143,1
45,144,1
45,145,1
45,146,1
45,147,1
45,148,1
45,149,1
45,164,0
45,164,1
45,165,1
45,163,1
45,166,1
45,168,1
45,169,1
45,167,1
45,170,1
45,171,1
45,172,1
45,173,0
45,173,1
45,174,0
45,174,1
45,175,1
45,176,1
45,177,1
45,178,0
45,178,1
45,179,0
45,179,1
45,180,1
45,199,1
45,200,0
45,200,1
45,190,1
45,188,1
45,189,1
45,254,1
45,191,0
45,191,1
45,193,1
45,192,1
45,226,1
45,194,0
45,194,1
45,195,1
45,201,0
45,201,1
45,202,1
45,203,1
45,262,1
45,317,1
45,263,1
45,265,0
45,265,1
45,306,1
45,307,1
45,266,1
45,268,1
45,267,1
45,269,1
45,272,1
45,222,1
45,223,0
45,223,1
45,281,1
45,282,1
45,283,1
45,150,1
45,151,0
45,151,1
45,152,1
45,156,0
45,156,1
45,155,0
45,155,1
45,157,1
45,158,1
45,159,1
45,160,1
45,161,1
45,162,1
45,204,1
45,205,1
45,206,1
46,62,1
46,63,1
46,64,1
46,65,1
46,66,0
46,66,1
46,67,1
46,68,1
46,69,1
46,70,1
46,71,0
46,71,1
46,72,1
46,73,1
46,74,1
46,75,0
46,75,1
46,76,1
46,77,1
46,92,1
46,93,0
46,93,1
46,94,0
46,94,1
46,105,1
47,0,1
47,1,1
47,2,1
47,3,1
47,4,1
47,5,1
47,6,1
47,7,1
47,8,1
47,9,1
47,10,1
47,11,1
47,12,1
47,13,1
47,14,1
47,15,1
47,16,1
47,17,1
47,18,1
47,19,1
47,20,1
47,23,1
47,21,1
47,24,1
47,22,1
47,25,1
47,26,1
47,31,0
47,31,1
47,32,0
47,32,1
47,31,0
47,31,1
47,32,0
47,32,1
47,33,0
47,33,1
47,28,1
47,29,0
47,29,1
47,30,0
47,30,1
47,39,0
47,39,1
47,38,0
47,38,1
47,37,0
47,37,1
47,37,1
47,38,0
47,38,1
47,39,0
47,39,1
47,34,0
47,34,1
47,35,0
47,35,1
47,36,1
47,44,0
47,44,1
47,43,1
47,42,0
47,42,1
47,40,0
47,40,1
47,41,0
47,41,1
47,47,1
47,45,0
47,45,1
47,46,0
47,46,1
47,48,0
47,48,1
47,49,1
47,50,0
47,50,1
47,51,1
47,52,0
47,52,1
47,323,1
47,324,1
47,325,0
47,325,1
47,326,1
47,54,1
47,54,1
47,54,1
47,56,1
47,57,1
47,58,1
47,59,1
47,105,1
47,107,0
47,107,1
47,106,1
47,60,1
47,61,1
47,62,1
47,63,1
47,64,1
47,65,1
47,66,1
47,67,1
47,68,1
47,69,1
47,70,1
47,71,1
47,73,1
47,72,1
47,74,0
47,74,1
47,75,0
47,75,1
47,76,0
47,76,1
47,74,1
47,75,0
47,75,1
47,76,1
47,111,1
47,112,0
47,112,1
47,113,1
47,92,1
47,93,1
47,94,1
47,124,1
47,125,0
47,125,1
47,126,0
47,126,1
47,127,1
47,128,0
47,128,1
47,129,0
47,129,1
47,130,1
47,131,1
47,132,0
47,132,1
47,133,1
47,134,1
47,135,0
47,135,1
47,136,1
47,137,1
47,138,1
47,139,1
47,140,0
47,140,1
47,142,1
47,141,1
47,143,1
47,144,1
47,145,1
47,146,1
47,147,1
47,148,1
47,149,1
47,150,1
47,151,0
47,151,1
47,152,1
47,251,1
47,252,0
47,252,1
47,160,1
47,161,1
47,162,0
47,162,1
47,318,1
47,319,1
47,320,0
47,320,1
47,204,0
47,204,1
47,205,0
47,205,1
47,206,0
47,206,1
47,210,0
47,210,1
47,211,1
47,212,0
47,212,1
47,213,1
47,214,1
47,215,0
47,215,1
47,216,0
47,216,1
47,217,1
47,218,1
47,221,0
47,221,1
47,219,1
47,220,1
47,155,0
47,155,1
47,156,0
47,156,1
47,157,0
47,157,1
47,158,0
47,158,1
47,159,0
47,159,1
47,311,0
47,311,1
47,312,1
47,313,0
47,313,1
47,314,1
47,315,0
47,315,1
47,316,0
47,316,1
47,327,1
47,328,1
47,329,1
47,330,1
47,331,1
47,332,0
47,332,1
47,333,0
47,333,1
47,334,1
47,335,1
47,336,1
47,337,1
47,338,1
47,339,1
47,340,1
47,341,1
47,342,0
47,342,1
47,343,0
47,343,1
47,344,0
47,344,1
47,208,1
47,207,1
47,209,1
47,345,1
47,346,1
47,347,1
47,348,1
47,349,1
47,350,1
47,351,0
47,351,1
47,352,1
47,353,1
47,354,1
47,355,1
47,356,1
47,163,1
47,164,0
47,164,1
47,165,0
47,165,1
47,166,1
47,167,1
47,173,1
47,168,0
47,168,1
47,169,0
47,169,1
47,170,1
47,171,0
47,171,1
47,172,1
47,174,1
47,175,0
47,175,1
47,176,1
47,177,1
47,178,0
47,178,1
47,179,0
47,179,1
47,180,1
47,199,1
47,200,1
47,191,1
47,193,1
47,194,1
47,77,1
47,181,1
47,227,1
47,357,1
47,358,1
47,359,1
47,360,1
48,31,0
48,31,1
48,31,0
48,31,1
48,32,1
48,33,1
48,28,0
48,28,1
48,29,0
48,29,1
48,30,1
48,37,0
48,37,1
48,38,0
48,38,1
49,31,0
49,31,1
49,32,0
49,32,1
49,33,0
49,33,1
49,28,0
49,28,1
49,29,1
49,30,1
49,38,1
49,37,1
50,0,1
50,1,1
50,2,1
50,3,1
50,4,1
50,5,1
50,6,1
50,7,1
50,8,1
50,9,1
50,10,1
50,11,1
50,12,1
50,13,1
50,14,1
50,15,1
50,16,1
50,17,1
50,19,1
50,18,1
50,20,1
50,23,1
50,21,1
50,24,1
50,25,1
50,22,1
50,26,1
50,31,1
50,32,1
50,33,0
50,33,1
50,28,0
50,28,1
50,29,0
50,29,1
50,30,0
50,30,1
50,37,0
50,37,1
50,38,1
50,39,0
50,39,1
50,34,0
50,34,1
50,35,1
50,42,1
50,44,1
50,43,0
50,43,1
50,36,0
50,36,1
50,48,1
50,49,0
50,49,1
50,50,0
50,50,1
50,40,1
50,41,1
50,47,0
50,47,1
50,46,1
50,53,0
50,53,1
50,53,1
50,53,0
50,53,1
50,53,1
50,56,1
50,57,0
50,57,1
50,56,1
50,57,0
50,57,1
50,58,1
50,59,1
50,105,0
50,105,1
50,107,1
50,106,0
50,106,1
50,60,0
50,60,1
50,61,1
50,62,1
50,63,0
50,63,1
50,64,1
50,65,1
50,66,1
50,67,1
50,68,0
50,68,1
50,69,1
50,70,1
50,71,1
50,73,1
50,72,0
50,72,1
50,74,0
50,74,1
50,75,0
50,75,1
50,76,1
50,78,0
50,78,1
50,79,1
50,92,1
50,93,0
50,93,1
50,94,0
50,94,1
50,111,1
50,112,0
50,112,1
50,113,0
50,113,1
50,80,1
50,81,0
50,81,1
50,83,0
50,83,1
50,82,1
50,84,1
50,85,1
50,87,1
50,86,1
50,88,1
50,89,1
50,91,1
50,90,1
50,108,0
50,108,1
50,109,0
50,109,1
50,110,1
50,95,1
50,97,1
50,96,1
50,115,0
50,115,1
50,116,0
50,116,1
50,117,1
50,114,1
50,197,1
50,198,1
50,121,0
50,121,1
50,122,1
50,123,1
50,118,1
50,119,1
50,120,1
50,361,1
50,362,1
50,363,1
50,124,1
50,125,1
50,126,0
50,126,1
50,127,0
50,127,1
50,128,0
50,128,1
50,129,0
50,129,1
50,130,0
50,130,1
50,131,1
50,132,0
50,132,1
50,134,1
50,133,1
50,135,1
50,136,1
50,137,0
50,137,1
50,138,1
50,139,1
50,140,0
50,140,1
50,142,1
50,141,1
50,143,1
50,144,1
50,145,1
50,146,1
50,150,0
50,150,1
50,151,0
50,151,1
50,152,1
50,147,1
50,148,1
50,149,1
50,156,0
50,156,1
50,155,1
50,157,1
50,160,1
50,161,1
50,162,0
50,162,1
50,204,0
50,204,1
50,205,1
50,206,0
50,206,1
50,210,0
50,210,1
50,211,1
50,212,1
50,214,1
50,215,1
50,213,1
50,216,1
50,217,1
50,218,1
50,219,1
50,220,0
50,220,1
50,221,1
50,164,0
50,164,1
50,165,1
50,163,1
50,166,0
50,166,1
50,168,0
50,168,1
50,169,0
50,169,1
50,167,1
50,170,1
50,171,1
50,172,1
50,173,1
50,174,1
50,175,1
50,176,1
50,177,1
50,178,0
50,178,1
50,179,1
50,180,1
50,225,1
50,224,1
50,199,0
50,199,1
50,200,1
50,188,0
50,188,1
50,190,0
50,190,1
50,191,0
50,191,1
50,193,1
50,192,1
50,226,1
50,194,0
50,194,1
50,77,1
50,201,1
50,202,0
50,202,1
50,203,1
50,262,1
50,265,1
50,181,1
50,158,0
50,158,1
50,159,1
50,208,0
50,208,1
50,207,0
50,207,1
50,209,0
50,209,1
50,309,0
50,309,1
50,310,0
50,310,1
50,309,0
50,309,1
50,310,1
50,311,1
50,312,1
50,313,1
50,314,0
50,314,1
50,315,0
50,315,1
50,316,1
50,364,1
50,365,1
50,366,1
50,327,1
50,330,1
50,328,1
50,337,1
50,329,1
50,331,1
50,338,1
50,336,1
50,332,1
50,333,1
50,334,1
50,335,1
51,0,1
51,1,1
51,2,1
51,3,1
51,4,1
51,5,1
51,6,1
51,7,1
51,8,1
51,9,1
51,10,1
51,11,1
51,12,0
51,12,1
51,13,1
51,14,1
51,15,1
51,16,1
51,17,1
51,18,1
51,19,1
51,20,1
51,23,1
51,21,1
51,24,1
51,22,1
51,25,1
51,26,1
51,31,0
51,31,1
51,32,0
51,32,1
51,33,0
51,33,1
51,28,1
51,29,1
51,30,1
51,37,1
51,38,1
51,39,1
51,37,1
51,38,1
51,39,1
51,56,0
51,56,1
51,57,0
51,57,1
51,58,1
51,59,1
51,105,0
51,105,1
51,107,0
51,107,1
51,106,0
51,106,1
51,60,0
51,60,1
51,61,1
51,62,1
51,63,1
51,64,0
51,64,1
51,65,1
51,66,1
51,67,1
51,68,1
51,69,1
51,70,1
51,71,0
51,71,1
51,72,1
51,73,1
51,74,0
51,74,1
51,75,0
51,75,1
51,76,1
51,78,1
51,79,1
51,92,0
51,92,1
51,93,1
51,94,1
51,111,0
51,111,1
51,112,0
51,112,1
51,113,1
51,80,1
51,81,1
51,82,1
51,83,1
51,84,1
51,85,0
51,85,1
51,86,1
51,87,1
51,88,1
51,89,1
51,90,1
51,91,1
51,108,1
51,110,0
51,110,1
51,109,1
51,115,0
51,115,1
51,116,0
51,116,1
51,117,1
51,114,1
51,197,1
51,198,1
51,121,1
51,122,1
51,123,1
51,124,1
51,125,0
51,125,1
51,126,0
51,126,1
51,127,1
51,128,1
51,129,1
51,130,0
51,130,1
51,131,1
51,132,0
51,132,1
51,133,1
51,134,0
51,134,1
51,135,0
51,135,1
51,136,0
51,136,1
51,137,0
51,137,1
51,138,0
51,138,1
51,139,1
51,140,1
51,142,1
51,141,0
51,141,1
51,143,1
51,144,1
51,145,1
51,146,1
51,150,1
51,151,1
51,152,0
51,152,1
51,147,1
51,148,1
51,149,1
51,160,1
51,161,1
51,162,1
51,156,0
51,156,1
51,155,1
51,157,1
51,158,1
51,159,0
51,159,1
51,164,1
51,165,0
51,165,1
51,163,1
51,166,1
51,167,1
51,168,0
51,168,1
51,169,0
51,169,1
51,171,0
51,171,1
51,172,1
51,173,1
51,174,0
51,174,1
51,170,1
51,175,1
51,176,1
51,177,1
51,182,1
51,183,1
51,178,1
51,184,1
51,185,1
51,179,1
51,186,1
51,187,1
51,180,1
51,224,1
51,225,1
51,199,1
51,200,1
51,188,1
51,190,1
51,189,1
51,191,0
51,191,1
51,193,1
51,192,1
51,226,0
51,226,1
51,194,0
51,194,1
51,77,0
51,77,1
51,256,1
51,259,1
51,201,1
51,257,1
51,260,1
51,202,1
51,258,1
51,261,1
51,203,1
51,227,1
51,228,1
51,204,1
51,205,1
51,206,0
51,206,1
51,251,1
51,252,1
52,0,0
52,0,1
52,1,1
52,2,0
52,2,1
52,3,1
52,4,1
52,5,1
52,6,0
52,6,1
52,7,1
52,8,1
52,9,1
52,10,1
52,11,0
52,11,1
52,12,1
52,13,1
52,14,1
52,15,1
52,16,1
52,17,1
52,18,1
52,21,1
52,22,1
52,19,1
52,23,1
52,25,1
52,20,1
52,24,1
52,26,1
52,19,0
52,19,1
52,23,1
52,25,1
52,18,1
52,21,1
52,22,1
52,20,1
52,24,1
52,26,1
52,31,0
52,31,1
52,32,0
52,32,1
52,33,1
52,28,1
52,29,0
52,29,1
52,30,1
52,37,1
52,38,1
52,39,1
52,37,1
52,38,1
52,39,1
52,56,1
52,57,1
52,58,1
52,59,0
52,59,1
52,105,0
52,105,1
52,107,0
52,107,1
52,106,1
52,60,1
52,61,1
52,62,1
52,63,1
52,64,0
52,64,1
52,65,1
52,66,1
52,67,1
52,68,1
52,69,1
52,70,1
52,71,1
52,72,1
52,73,1
52,74,0
52,74,1
52,76,0
52,76,1
52,75,1
52,74,0
52,74,1
52,75,1
52,76,1
52,111,1
52,112,1
52,113,1
52,92,1
52,93,1
52,94,1
52,115,1
52,116,1
52,117,1
52,124,0
52,124,1
52,125,0
52,125,1
52,126,1
52,127,1
52,128,1
52,129,1
52,124,1
52,125,0
52,125,1
52,126,1
52,127,1
52,128,1
52,129,1
52,133,0
52,133,1
52,134,0
52,134,1
52,135,0
52,135,1
52,130,0
52,130,1
52,131,0
52,131,1
52,132,0
52,132,1
52,136,1
52,137,1
52,138,1
52,139,1
52,140,1
52,142,1
52,141,1
52,143,1
52,144,1
52,145,1
52,146,1
52,150,0
52,150,1
52,151,0
52,151,1
52,152,1
52,163,1
52,167,1
52,173,1
52,164,0
52,164,1
52,168,1
52,171,1
52,165,1
52,169,1
52,172,0
52,172,1
52,166,0
52,166,1
52,170,1
52,174,1
52,175,1
52,176,0
52,176,1
52,177,1
52,178,1
52,179,0
52,179,1
52,180,1
52,222,1
52,223,1
52,199,0
52,199,1
52,200,1
52,191,1
52,193,1
52,194,0
52,194,1
52,77,1
52,195,1
52,196,0
52,196,1
52,229,1
52,239,1
52,242,1
52,245,1
52,240,1
52,241,1
52,243,1
52,244,1
52,246,1
52,247,1
52,155,1
52,156,1
52,157,1
52,227,1
53,19,0
53,19,1
53,23,1
53,25,0
53,25,1
53,21,1
53,22,1
53,20,1
53,24,1
53,26,1
53,195,1
53,31,0
53,31,1
54,0,1
54,1,1
54,2,1
54,3,1
54,4,1
54,5,1
54,6,1
54,7,1
54,8,0
54,8,1
54,9,1
54,10,1
54,11,1
54,12,1
54,13,1
54,14,1
54,15,1
54,16,1
54,17,1
54,18,1
54,19,0
54,19,1
54,20,1
54,21,1
54,23,1
54,24,1
54,22,1
54,25,1
54,26,1
54,31,0
54,31,1
54,31,0
54,31,1
54,32,0
54,32,1
54,33,1
54,28,1
54,29,1
54,30,1
54,37,1
54,38,1
54,39,1
54,34,0
54,34,1
54,36,1
54,42,0
54,42,1
54,43,0
54,43,1
54,44,1
54,40,0
54,40,1
54,47,1
54,48,1
54,49,1
54,50,1
54,45,1
54,53,1
54,323,1
54,324,1
54,325,1
54,55,1
54,55,1
54,55,1
54,55,1
54,55,1
54,56,1
54,57,0
54,57,1
54,58,1
54,59,1
54,105,0
54,105,1
54,107,1
54,106,0
54,106,1
54,60,1
54,61,1
54,62,1
54,63,0
54,63,1
54,64,1
54,65,1
54,66,1
54,67,1
54,68,1
54,69,1
54,70,1
54,71,1
54,72,1
54,73,1
54,74,1
54,75,0
54,75,1
54,76,1
54,78,1
54,79,1
54,92,1
54,93,0
54,93,1
54,94,0
54,94,1
54,111,1
54,112,0
54,112,1
54,113,0
54,113,1
54,108,0
54,108,1
54,110,0
54,110,1
54,109,1
54,115,1
54,116,1
54,117,1
54,114,1
54,197,0
54,197,1
54,198,0
54,198,1
54,121,0
54,121,1
54,122,1
54,123,0
54,123,1
54,118,1
54,120,1
54,119,0
54,119,1
54,361,1
54,362,1
54,363,1
54,367,1
54,368,1
54,369,1
54,124,1
54,125,1
54,126,1
54,127,1
54,128,1
54,129,1
54,131,0
54,131,1
54,130,0
54,130,1
54,132,1
54,134,1
54,133,1
54,135,1
54,136,1
54,138,0
54,138,1
54,137,0
54,137,1
54,139,1
54,140,0
54,140,1
54,141,1
54,142,1
54,143,1
54,144,1
54,145,1
54,146,1
54,150,1
54,151,1
54,152,1
54,160,1
54,161,1
54,162,1
54,163,1
54,164,0
54,164,1
54,165,1
54,166,1
54,167,1
54,173,1
54,168,0
54,168,1
54,169,1
54,170,1
54,171,1
54,172,1
54,174,1
54,176,1
54,175,0
54,175,1
54,177,1
54,182,1
54,183,1
54,178,0
54,178,1
54,184,1
54,185,1
54,179,1
54,186,1
54,187,1
54,180,1
54,222,1
54,223,0
54,223,1
54,199,1
54,200,1
54,189,1
54,254,1
54,191,0
54,191,1
54,193,1
54,226,1
54,255,1
54,194,0
54,194,1
54,155,0
54,155,1
54,156,0
54,156,1
54,157,1
54,158,0
54,158,1
54,159,0
54,159,1
54,204,1
54,205,1
54,206,1
54,149,1
54,147,1
54,148,1
55,0,1
55,1,0
55,1,1
55,2,1
55,3,1
55,4,1
55,5,1
55,6,1
55,7,1
55,8,1
55,9,1
55,10,1
55,11,1
55,12,1
55,13,1
55,14,1
55,15,1
55,16,1
55,17,1
55,19,0
55,19,1
55,18,1
55,20,1
55,23,1
55,21,1
55,24,1
55,25,1
55,22,0
55,22,1
55,26,0
55,26,1
55,195,1
55,233,1
55,230,1
55,236,1
55,234,0
55,234,1
55,231,1
55,237,1
55,235,1
55,232,1
55,238,1
55,31,0
55,31,1
55,31,0
55,31,1
55,31,1
55,31,1
55,31,1
55,31,1
55,32,1
55,31,1
55,32,1
55,33,1
55,29,1
55,30,1
55,35,1
56,78,1
56,74,0
56,74,1
56,75,0
56,75,1
56,76,1
56,105,1
56,107,1
56,106,1
56,92,1
56,93,1
56,94,1
56,111,1
56,112,1
56,113,1
56,124,1
56,127,1
56,125,0
56,125,1
56,126,1
56,128,1
56,129,0
56,129,1
56,130,1
56,131,1
56,132,1
56,133,1
56,134,1
56,135,1
56,136,0
56,136,1
56,137,0
56,137,1
56,138,0
56,138,1
56,139,1
56,140,1
56,142,1
56,141,1
56,143,0
56,143,1
56,144,1
56,145,1
56,146,1
56,150,1
56,151,1
56,152,0
56,152,1
56,147,1
56,148,1
56,149,1
56,163,1
56,164,0
56,164,1
56,165,1
56,166,1
56,168,1
56,171,1
56,169,0
56,169,1
56,172,1
56,167,0
56,167,1
56,173,1
56,170,1
56,174,1
56,175,1
56,176,1
56,177,1
57,59,1
57,77,1
57,60,0
57,60,1
57,61,0
57,61,1
57,227,0
57,227,1
57,228,1
57,250,1
57,56,1
57,57,1
57,58,1
57,74,0
57,74,1
57,75,0
57,75,1
57,76,0
57,76,1
57,105,1
57,107,0
57,107,1
57,106,0
57,106,1
57,92,1
57,93,1
57,94,1
57,124,1
57,125,1
57,126,1
57,127,1
57,128,1
57,129,1
57,130,1
57,131,1
57,132,0
57,132,1
57,133,1
57,134,1
57,135,0
57,135,1
57,136,1
57,137,1
57,138,1
57,139,1
57,140,1
57,142,1
57,141,1
57,143,1
57,144,1
57,145,1
57,146,1
57,147,1
57,148,1
57,149,1
57,163,1
57,164,0
57,164,1
57,165,1
57,166,1
57,168,0
57,168,1
57,169,1
57,167,1
57,170,1
57,171,0
57,171,1
57,172,1
57,173,1
57,174,1
57,175,0
57,175,1
57,176,1
57,177,1
57,182,1
57,183,0
57,183,1
57,178,0
57,178,1
57,185,1
57,184,1
57,179,0
57,179,1
57,187,1
57,186,1
57,180,1
57,222,0
57,222,1
58,0,1
58,1,1
58,2,1
58,3,1
58,4,1
58,5,1
58,6,1
58,7,1
58,8,1
58,9,1
58,10,1
58,11,1
58,12,1
58,13,1
58,14,1
58,15,1
58,16,1
58,17,1
58,18,1
58,19,1
58,20,1
58,21,1
58,23,1
58,24,1
58,22,1
58,25,1
58,26,1
58,31,0
58,31,1
58,31,0
58,31,1
58,32,0
58,32,1
58,33,0
58,33,1
58,28,1
58,29,0
58,29,1
58,30,0
58,30,1
58,37,1
58,38,1
58,39,0
58,39,1
58,37,0
58,37,1
58,38,1
58,39,1
58,34,1
58,35,1
58,36,0
58,36,1
58,42,0
58,42,1
58,43,1
58,44,1
58,40,1
58,41,1
58,47,0
58,47,1
58,45,1
58,53,1
58,53,0
58,53,1
58,53,1
58,53,1
58,56,1
58,57,1
58,58,1
58,59,1
58,105,1
58,107,1
58,106,1
58,60,0
58,60,1
58,61,1
58,62,0
58,62,1
58,63,0
58,63,1
58,64,1
58,65,1
58,66,1
58,67,1
58,68,1
58,69,1
58,70,1
58,71,1
58,72,1
58,73,1
58,74,0
58,74,1
58,75,1
58,76,1
58,77,1
58,80,1
58,81,1
58,82,1
58,83,1
58,84,1
58,85,1
58,86,1
58,87,1
58,88,1
58,89,1
58,90,1
58,91,1
58,92,1
58,93,1
58,94,1
58,111,1
58,112,1
58,113,1
58,108,1
58,110,1
58,109,1
58,124,1
58,125,0
58,125,1
58,126,0
58,126,1
58,127,1
58,128,1
58,129,1
58,130,0
58,130,1
58,131,1
58,132,1
58,134,1
58,133,1
58,135,1
58,136,0
58,136,1
58,137,0
58,137,1
58,138,1
58,139,1
58,140,1
58,141,1
58,142,0
58,142,1
58,143,1
58,144,1
58,145,1
58,146,1
58,150,1
58,151,1
58,152,1
58,156,1
58,155,1
58,157,1
58,181,1
58,164,0
58,164,1
58,165,1
58,163,1
58,166,1
58,167,1
58,168,0
58,168,1
58,169,1
58,170,0
58,170,1
58,171,1
58,172,1
58,173,1
58,174,1
58,176,0
58,176,1
58,175,0
58,175,1
58,177,1
58,183,1
58,182,0
58,182,1
58,178,0
58,178,1
58,185,1
58,187,1
58,184,1
58,186,1
58,179,1
58,180,1
58,222,0
58,222,1
58,223,1
58,224,1
58,225,1
58,199,1
58,200,1
58,188,1
58,190,1
58,189,1
58,191,1
58,193,1
58,192,1
58,226,1
58,194,1
58,256,1
58,259,1
58,201,1
58,257,1
58,260,1
58,202,1
58,261,1
58,258,1
58,203,1
58,158,0
58,158,1
58,159,1
58,160,1
58,161,1
58,162,0
58,162,1
58,204,1
58,205,1
58,206,1
